Path,Directory,Sub Directory,File Name,Assert count
clone_files/test/spc/spc_test.c,test,spc,spc_test.c,0
clone_files/test/asm/atomic_spinlock.c,test,asm,atomic_spinlock.c,0
clone_files/test/asm/atomic_barrier.c,test,asm,atomic_barrier.c,0
clone_files/test/asm/atomic_cmpset.c,test,asm,atomic_cmpset.c,68
clone_files/test/asm/atomic_math.c,test,asm,atomic_math.c,0
clone_files/test/mpi/environment/chello.c,test,mpi,chello.c,0
clone_files/test/util/opal_os_path.c,test,util,opal_os_path.c,0
clone_files/test/util/bipartite_graph.c,test,util,bipartite_graph.c,0
clone_files/test/util/opal_error.c,test,util,opal_error.c,0
clone_files/test/util/opal_basename.c,test,util,opal_basename.c,0
clone_files/test/util/ompi_numtostr.c,test,util,ompi_numtostr.c,0
clone_files/test/util/opal_if.c,test,util,opal_if.c,0
clone_files/test/util/orte_session_dir.c,test,util,orte_session_dir.c,0
clone_files/test/util/opal_timer.c,test,util,opal_timer.c,0
clone_files/test/util/opal_os_create_dirpath.c,test,util,opal_os_create_dirpath.c,0
clone_files/test/util/opal_bit_ops.c,test,util,opal_bit_ops.c,0
clone_files/test/util/opal_path_nfs.c,test,util,opal_path_nfs.c,0
clone_files/test/util/opal_argv.c,test,util,opal_argv.c,0
clone_files/test/util/orte_universe_setup_file_io.c,test,util,orte_universe_setup_file_io.c,0
clone_files/test/memchecker/irecv_uninit_check.c,test,memchecker,irecv_uninit_check.c,0
clone_files/test/memchecker/non_blocking_send_test.c,test,memchecker,non_blocking_send_test.c,0
clone_files/test/memchecker/non_blocking_recv_test.c,test,memchecker,non_blocking_recv_test.c,0
clone_files/test/memchecker/irecv_init_check.c,test,memchecker,irecv_init_check.c,0
clone_files/test/runtime/opal_init_finalize.c,test,runtime,opal_init_finalize.c,0
clone_files/test/runtime/orte_init_finalize.c,test,runtime,orte_init_finalize.c,0
clone_files/test/runtime/start_shut.c,test,runtime,start_shut.c,0
clone_files/test/runtime/sigchld.c,test,runtime,sigchld.c,0
clone_files/test/datatype/ddt_lib.c,test,datatype,ddt_lib.c,3
clone_files/test/datatype/opal_ddt_lib.h,test,datatype,opal_ddt_lib.h,0
clone_files/test/datatype/ddt_test.c,test,datatype,ddt_test.c,25
clone_files/test/datatype/ddt_raw.c,test,datatype,ddt_raw.c,21
clone_files/test/datatype/reduce_local.c,test,datatype,reduce_local.c,0
clone_files/test/datatype/ddt_pack.c,test,datatype,ddt_pack.c,0
clone_files/test/datatype/ddt_raw2.c,test,datatype,ddt_raw2.c,6
clone_files/test/datatype/opal_datatype_test.c,test,datatype,opal_datatype_test.c,34
clone_files/test/datatype/checksum.c,test,datatype,checksum.c,0
clone_files/test/datatype/position.c,test,datatype,position.c,0
clone_files/test/datatype/ddt_lib.h,test,datatype,ddt_lib.h,0
clone_files/test/datatype/check_op.sh,test,datatype,check_op.sh,0
clone_files/test/datatype/unpack_hetero.c,test,datatype,unpack_hetero.c,4
clone_files/test/datatype/position_noncontig.c,test,datatype,position_noncontig.c,0
clone_files/test/datatype/unpack_ooo.c,test,datatype,unpack_ooo.c,2
clone_files/test/datatype/opal_ddt_lib.c,test,datatype,opal_ddt_lib.c,0
clone_files/test/datatype/to_self.c,test,datatype,to_self.c,0
clone_files/test/datatype/large_data.c,test,datatype,large_data.c,0
clone_files/test/datatype/external32.c,test,datatype,external32.c,0
clone_files/test/datatype/partial.c,test,datatype,partial.c,0
clone_files/test/simple/spawn-problem/ch_rec.c,test,simple,ch_rec.c,0
clone_files/test/simple/spawn-problem/start.c,test,simple,start.c,0
clone_files/test/simple/ziaprobe.c,test,simple,ziaprobe.c,0
clone_files/test/simple/accept.c,test,simple,accept.c,0
clone_files/test/simple/bcast_loop.c,test,simple,bcast_loop.c,0
clone_files/test/simple/ring.c,test,simple,ring.c,0
clone_files/test/simple/sendrecv_blaster.c,test,simple,sendrecv_blaster.c,0
clone_files/test/simple/badcoll.c,test,simple,badcoll.c,0
clone_files/test/simple/spawn_multiple.c,test,simple,spawn_multiple.c,0
clone_files/test/simple/segv.c,test,simple,segv.c,0
clone_files/test/simple/loop_child.c,test,simple,loop_child.c,0
clone_files/test/simple/info_spawn.c,test,simple,info_spawn.c,0
clone_files/test/simple/slave.c,test,simple,slave.c,0
clone_files/test/simple/ziatest.c,test,simple,ziatest.c,0
clone_files/test/simple/read_write.c,test,simple,read_write.c,0
clone_files/test/simple/attach.c,test,simple,attach.c,0
clone_files/test/simple/hello_nodename.c,test,simple,hello_nodename.c,0
clone_files/test/simple/initial_errh.c,test,simple,initial_errh.c,0
clone_files/test/simple/connect.c,test,simple,connect.c,0
clone_files/test/simple/add_host.c,test,simple,add_host.c,0
clone_files/test/simple/concurrent_spawn.c,test,simple,concurrent_spawn.c,0
clone_files/test/simple/hello_barrier.c,test,simple,hello_barrier.c,0
clone_files/test/simple/singleton_client_server.c,test,simple,singleton_client_server.c,0
clone_files/test/simple/hello_output.c,test,simple,hello_output.c,0
clone_files/test/simple/pmix.c,test,simple,pmix.c,0
clone_files/test/simple/nonzero.c,test,simple,nonzero.c,0
clone_files/test/simple/spawn_tree.c,test,simple,spawn_tree.c,0
clone_files/test/simple/reduce-hang.c,test,simple,reduce-hang.c,0
clone_files/test/simple/iof.c,test,simple,iof.c,0
clone_files/test/simple/mpi_info.c,test,simple,mpi_info.c,0
clone_files/test/simple/pubsub.c,test,simple,pubsub.c,0
clone_files/test/simple/xlib.c,test,simple,xlib.c,0
clone_files/test/carto/carto_test.c,test,carto,carto_test.c,0
clone_files/test/mpool/mpool_memkind.c,test,mpool,mpool_memkind.c,0
clone_files/test/support/support.c,test,support,support.c,1
clone_files/test/support/support.h,test,support,support.h,0
clone_files/test/threads/opal_atomic_thread_bench.c,test,threads,opal_atomic_thread_bench.c,0
clone_files/test/threads/opal_condition.c,test,threads,opal_condition.c,0
clone_files/test/threads/opal_thread.c,test,threads,opal_thread.c,0
clone_files/test/class/opal_pointer_array.c,test,class,opal_pointer_array.c,6
clone_files/test/class/opal_list.c,test,class,opal_list.c,9
clone_files/test/class/opal_value_array.c,test,class,opal_value_array.c,0
clone_files/test/class/opal_cstring.c,test,class,opal_cstring.c,0
clone_files/test/class/opal_fifo.c,test,class,opal_fifo.c,0
clone_files/test/class/opal_bitmap.c,test,class,opal_bitmap.c,0
clone_files/test/class/opal_proc_table.c,test,class,opal_proc_table.c,0
clone_files/test/class/opal_hash_table.c,test,class,opal_hash_table.c,0
clone_files/test/class/opal_lifo.c,test,class,opal_lifo.c,0
clone_files/test/class/ompi_rb_tree.c,test,class,ompi_rb_tree.c,0
clone_files/test/monitoring/example_reduce_count.c,test,monitoring,example_reduce_count.c,0
clone_files/test/monitoring/test_overhead.sh,test,monitoring,test_overhead.sh,0
clone_files/test/monitoring/test_overhead.c,test,monitoring,test_overhead.c,0
clone_files/test/monitoring/monitoring_test.c,test,monitoring,monitoring_test.c,0
clone_files/test/monitoring/check_monitoring.c,test,monitoring,check_monitoring.c,0
clone_files/test/monitoring/test_pvar_access.c,test,monitoring,test_pvar_access.c,0
clone_files/test/event/signal-test.c,test,event,signal-test.c,0
clone_files/test/event/event-test.c,test,event,event-test.c,0
clone_files/test/event/time-test.c,test,event,time-test.c,0
